epoch,time,train/box_loss,train/cls_loss,train/dfl_loss,metrics/precision(B),metrics/recall(B),metrics/mAP50(B),metrics/mAP50-95(B),val/box_loss,val/cls_loss,val/dfl_loss,lr/pg0,lr/pg1,lr/pg2
1,452.062,2.96908,3.71439,4.17305,0.0041,1,0.03231,0.00868,2.46103,3.85461,3.99935,0.000410539,0.000410539,0.000410539
2,840.497,2.91528,3.31455,3.88322,0.00406,1,0.03779,0.0102,2.58963,3.09923,3.8401,0.000417739,0.000417739,0.000417739
